{"data":{"analysis":[1,1,1],"variant":["3:53909731_C/A","3:53097410_T/A","3:53138254_T/C"],"chr":["3","3","3"],"position":[53909731, 53097410, 53138254],"gene_name":["ACTR8", "ALAS1", "RFT1"],"pvalue":[4.59563e-44, 5.96839e-07, 1.76153e-09]},"lastPage":null}
